68319010024,1234,นักเรียนคนที่1,0816559413,68319010024@tatc.ac.th
68319010025,1234,นักเรียนคนที่2,0816559414,68319010025@tatc.ac.th
68319010026,1234,นักเรียนคนที่3,0816559415,68319010024@tatc.ac.th
68319010027,1234,นักเรียนคนที่4,0816559416,68319010025@tatc.ac.th
68319010028,1234,นักเรียนคนที่5,0816559417,68319010024@tatc.ac.th
68319010029,1234,นักเรียนคนที่6,0816559418,68319010025@tatc.ac.th
68319010030,1234,นักเรียนคนที่7,0816559419,68319010024@tatc.ac.th
68319010031,1234,นักเรียนคนที่8,0816559420,68319010025@tatc.ac.th
68319010032,1234,นักเรียนคนที่9,0816559421,68319010024@tatc.ac.th
68319010033,1234,นักเรียนคนที่10,0816559422,68319010025@tatc.ac.th
68319010034,1234,นักเรียนคนที่11,0816559423,68319010024@tatc.ac.th
68319010035,1234,นักเรียนคนที่12,0816559424,68319010025@tatc.ac.th
68319010036,1234,นักเรียนคนที่13,0816559425,68319010024@tatc.ac.th
68319010037,1234,นักเรียนคนที่14,0816559426,68319010025@tatc.ac.th
68319010038,1234,นักเรียนคนที่15,0816559427,68319010024@tatc.ac.th
68319010039,1234,นักเรียนคนที่16,0816559428,68319010025@tatc.ac.th
68319010040,1234,นักเรียนคนที่17,0816559429,68319010024@tatc.ac.th
68319010041,1234,นักเรียนคนที่18,0816559430,68319010025@tatc.ac.th
68319010042,1234,นักเรียนคนที่19,0816559431,68319010024@tatc.ac.th
68319010043,1234,นักเรียนคนที่20,0816559432,68319010025@tatc.ac.th
68319010044,1234,นักเรียนคนที่21,0816559433,68319010024@tatc.ac.th
68319010045,1234,นักเรียนคนที่22,0816559434,68319010025@tatc.ac.th
